Test_Case,Production_Rate,Environment,Event_Size,Event_Size_B,Messages,Time,Tool
TC01,100,Non-Secure,1KB,1024,30000,5,OMB
TC02,100,Non-Secure,250 KB,256000,30000,5,OMB
TC03,100,Non-Secure,500 KB,512000,30000,5,OMB
TC04,100,Non-Secure,750 KB,768000,30000,5,OMB
TC05,100,Non-Secure,1000KB,1024000,30000,5,OMB
TC06,1000,Non-Secure,1KB,1024,300000,5,OMB
TC07,1000,Non-Secure,250 KB,256000,300000,5,OMB
TC08,1000,Non-Secure,500 KB,512000,300000,5,OMB
TC09,1000,Non-Secure,750 KB,768000,300000,5,OMB
TC10,1000,Non-Secure,1000KB,1024000,300000,5,OMB
TC11,10000,Non-Secure,1KB,1024,3000000,5,OMB
TC12,10000,Non-Secure,250 KB,256000,3000000,5,OMB
TC13,10000,Non-Secure,500 KB,512000,3000000,5,OMB
TC14,10000,Non-Secure,750 KB,768000,3000000,5,OMB
TC15,10000,Non-Secure,1000KB,1024000,3000000,5,OMB
TC16,100,Secure,1KB,1024,30000,5,OMB
TC17,100,Secure,250 KB,256000,30000,5,OMB
TC18,100,Secure,500 KB,512000,30000,5,OMB
TC19,100,Secure,750 KB,768000,30000,5,OMB
TC20,100,Secure,1000KB,1024000,30000,5,OMB
TC21,1000,Secure,1KB,1024,300000,5,OMB
TC22,1000,Secure,250 KB,256000,300000,5,OMB
TC23,1000,Secure,500 KB,512000,300000,5,OMB
TC24,1000,Secure,750 KB,768000,300000,5,OMB
TC25,1000,Secure,1000KB,1024000,300000,5,OMB
TC26,10000,Secure,1KB,1024,3000000,5,OMB
TC27,10000,Secure,250 KB,256000,3000000,5,OMB
TC28,10000,Secure,500 KB,512000,3000000,5,OMB
TC29,10000,Secure,750 KB,768000,3000000,5,OMB
TC30,10000,Secure,1000KB,1024000,3000000,5,OMB
TC31,100,Non-Secure,1KB,1024,30000,5,PRB
TC32,100,Non-Secure,250 KB,256000,30000,5,PRB
TC33,100,Non-Secure,500 KB,512000,30000,5,PRB
TC34,100,Non-Secure,750 KB,768000,30000,5,PRB
TC35,100,Non-Secure,1000KB,1024000,30000,5,PRB
TC36,1000,Non-Secure,1KB,1024,300000,5,PRB
TC37,1000,Non-Secure,250 KB,256000,300000,5,PRB
TC38,1000,Non-Secure,500 KB,512000,300000,5,PRB
TC39,1000,Non-Secure,750 KB,768000,300000,5,PRB
TC40,1000,Non-Secure,1000KB,1024000,300000,5,PRB
TC41,10000,Non-Secure,1KB,1024,3000000,5,PRB
TC42,10000,Non-Secure,250 KB,256000,3000000,5,PRB
TC43,10000,Non-Secure,500 KB,512000,3000000,5,PRB
TC44,10000,Non-Secure,750 KB,768000,3000000,5,PRB
TC45,10000,Non-Secure,1000KB,1024000,3000000,5,PRB
TC46,100,Secure,1KB,1024,30000,5,PRB
TC47,100,Secure,250 KB,256000,30000,5,PRB
TC48,100,Secure,500 KB,512000,30000,5,PRB
TC49,100,Secure,750 KB,768000,30000,5,PRB
TC50,100,Secure,1000KB,1024000,30000,5,PRB
TC51,1000,Secure,1KB,1024,300000,5,PRB
TC52,1000,Secure,250 KB,256000,300000,5,PRB
TC53,1000,Secure,500 KB,512000,300000,5,PRB
TC54,1000,Secure,750 KB,768000,300000,5,PRB
TC55,1000,Secure,1000KB,1024000,300000,5,PRB
TC56,10000,Secure,1KB,1024,3000000,5,PRB
TC57,10000,Secure,250 KB,256000,3000000,5,PRB
TC58,10000,Secure,500 KB,512000,3000000,5,PRB
TC59,10000,Secure,750 KB,768000,3000000,5,PRB
TC60,10000,Secure,1000KB,1024000,3000000,5,PRB
