Test_Case,Exec,Tool,Time,Messages
TC01,1,OMB,321,27049
TC01,2,OMB,308,30084
TC01,3,OMB,307,30085
TC01,4,OMB,307,30085
TC01,5,OMB,308,30086
TC01,6,OMB,307,30085
TC01,7,OMB,308,30085
TC01,8,OMB,307,30084
TC01,9,OMB,307,30084
TC01,10,OMB,308,30089
TC02,1,OMB,307,30080
TC02,2,OMB,307,30079
TC02,3,OMB,307,30081
TC02,4,OMB,308,30078
TC02,5,OMB,307,30080
TC02,6,OMB,308,30080
TC02,7,OMB,307,30078
TC02,8,OMB,307,30079
TC02,9,OMB,308,30081
TC02,10,OMB,307,30080
TC03,1,OMB,307,30062
TC03,2,OMB,307,30065
TC03,3,OMB,307,30062
TC03,4,OMB,308,30067
TC03,5,OMB,307,30059
TC03,6,OMB,307,30065
TC03,7,OMB,307,30072
TC03,8,OMB,307,30066
TC03,9,OMB,307,30070
TC03,10,OMB,307,30065
TC04,1,OMB,307,30064
TC04,2,OMB,307,30061
TC04,3,OMB,307,30065
TC04,4,OMB,307,30062
TC04,5,OMB,307,30061
TC04,6,OMB,307,30059
TC04,7,OMB,307,30060
TC04,8,OMB,307,30060
TC04,9,OMB,307,30062
TC04,10,OMB,308,30062
TC05,1,OMB,307,300611
TC05,2,OMB,308,300623
TC05,3,OMB,307,300642
TC05,4,OMB,307,300595
TC05,5,OMB,307,300724
TC05,6,OMB,307,300644
TC05,7,OMB,307,300677
TC05,8,OMB,307,300678
TC05,9,OMB,307,300704
TC05,10,OMB,308,300687
TC06,1,OMB,307,300727
TC06,2,OMB,307,300719
TC06,3,OMB,308,300711
TC06,4,OMB,307,300730
TC06,5,OMB,307,300755
TC06,6,OMB,307,300780
TC06,7,OMB,308,300740
TC06,8,OMB,307,300707
TC06,9,OMB,308,300705
TC06,10,OMB,307,300701
TC07,1,OMB,308,300843
TC07,2,OMB,307,300959
TC07,3,OMB,308,300822
TC07,4,OMB,307,300689
TC07,5,OMB,307,300607
TC07,6,OMB,307,300628
TC07,7,OMB,307,300638
TC07,8,OMB,308,300625
TC07,9,OMB,307,300603
TC07,10,OMB,307,300639
TC08,1,OMB,307,300672
TC08,2,OMB,307,300643
TC08,3,OMB,307,300618
TC08,4,OMB,307,300662
TC08,5,OMB,307,300671
TC08,6,OMB,307,300632
TC08,7,OMB,307,300622
TC08,8,OMB,308,300623
TC08,9,OMB,307,300650
TC08,10,OMB,307,300647
TC09,1,OMB,307,3005927
TC09,2,OMB,307,3006154
TC09,3,OMB,308,3006209
TC09,4,OMB,307,3006440
TC09,5,OMB,307,3006010
TC09,6,OMB,307,3006417
TC09,7,OMB,307,3006382
TC09,8,OMB,307,3006200
TC09,9,OMB,307,3006209
TC09,10,OMB,308,3006404
TC10,1,OMB,307,3008560
TC10,2,OMB,308,3007896
TC10,3,OMB,307,3007049
TC10,4,OMB,307,3005997
TC10,5,OMB,308,3005813
TC10,6,OMB,307,3006464
TC10,7,OMB,307,3006384
TC10,8,OMB,307,3006652
TC10,9,OMB,307,3006798
TC10,10,OMB,308,3006408
TC11,1,OMB,307,3006704
TC11,2,OMB,307,3006447
TC11,3,OMB,307,3006160
TC11,4,OMB,308,3006322
TC11,5,OMB,307,3006467
TC11,6,OMB,307,3006616
TC11,7,OMB,307,3006496
TC11,8,OMB,308,3006402
TC11,9,OMB,307,3006137
TC11,10,OMB,307,3006468
TC12,1,OMB,322,144116
TC12,2,OMB,318,148488
TC12,3,OMB,321,147075
TC12,4,OMB,308,137353
TC12,5,OMB,320,153055
TC12,6,OMB,311,142674
TC12,7,OMB,318,146078
TC12,8,OMB,321,145112
TC12,9,OMB,313,145327
TC12,10,OMB,314,143332
